{
  "model": "tfidf_logistic_regression_baseline",
  "train_size": 167616,
  "val_size": 20953,
  "test_size": 20953,
  "params": {
    "max_features": 50000,
    "min_df": 3,
    "max_df": 0.95
  },
  "validation": {
    "accuracy": 0.6026344676180022,
    "f1_macro": 0.44057843337994435,
    "report": {
      "ARTS": {
        "precision": 0.4264705882352941,
        "recall": 0.19205298013245034,
        "f1-score": 0.2648401826484018,
        "support": 151.0
      },
      "ARTS & CULTURE": {
        "precision": 0.3333333333333333,
        "recall": 0.05970149253731343,
        "f1-score": 0.10126582278481013,
        "support": 134.0
      },
      "BLACK VOICES": {
        "precision": 0.5799256505576208,
        "recall": 0.3406113537117904,
        "f1-score": 0.42916093535075656,
        "support": 458.0
      },
      "BUSINESS": {
        "precision": 0.4864864864864865,
        "recall": 0.42070116861435725,
        "f1-score": 0.4512085944494181,
        "support": 599.0
      },
      "COLLEGE": {
        "precision": 0.5384615384615384,
        "recall": 0.30701754385964913,
        "f1-score": 0.39106145251396646,
        "support": 114.0
      },
      "COMEDY": {
        "precision": 0.5877192982456141,
        "recall": 0.37222222222222223,
        "f1-score": 0.4557823129251701,
        "support": 540.0
      },
      "CRIME": {
        "precision": 0.5555555555555556,
        "recall": 0.547752808988764,
        "f1-score": 0.5516265912305516,
        "support": 356.0
      },
      "CULTURE & ARTS": {
        "precision": 0.7333333333333333,
        "recall": 0.205607476635514,
        "f1-score": 0.32116788321167883,
        "support": 107.0
      },
      "DIVORCE": {
        "precision": 0.9012345679012346,
        "recall": 0.6384839650145773,
        "f1-score": 0.7474402730375427,
        "support": 343.0
      },
      "EDUCATION": {
        "precision": 0.5238095238095238,
        "recall": 0.21782178217821782,
        "f1-score": 0.3076923076923077,
        "support": 101.0
      },
      "ENTERTAINMENT": {
        "precision": 0.5601472995090017,
        "recall": 0.788594470046083,
        "f1-score": 0.6550239234449761,
        "support": 1736.0
      },
      "ENVIRONMENT": {
        "precision": 0.575,
        "recall": 0.1597222222222222,
        "f1-score": 0.25,
        "support": 144.0
      },
      "FIFTY": {
        "precision": 0.4117647058823529,
        "recall": 0.05,
        "f1-score": 0.08917197452229299,
        "support": 140.0
      },
      "FOOD & DRINK": {
        "precision": 0.6311584553928096,
        "recall": 0.7476340694006309,
        "f1-score": 0.6844765342960288,
        "support": 634.0
      },
      "GOOD NEWS": {
        "precision": 0.4878048780487805,
        "recall": 0.14285714285714285,
        "f1-score": 0.22099447513812154,
        "support": 140.0
      },
      "GREEN": {
        "precision": 0.3626373626373626,
        "recall": 0.25190839694656486,
        "f1-score": 0.2972972972972973,
        "support": 262.0
      },
      "HEALTHY LIVING": {
        "precision": 0.42346938775510207,
        "recall": 0.24813153961136025,
        "f1-score": 0.31291234684260133,
        "support": 669.0
      },
      "HOME & LIVING": {
        "precision": 0.8111111111111111,
        "recall": 0.6759259259259259,
        "f1-score": 0.7373737373737373,
        "support": 432.0
      },
      "IMPACT": {
        "precision": 0.4682080924855491,
        "recall": 0.23209169054441262,
        "f1-score": 0.3103448275862069,
        "support": 349.0
      },
      "LATINO VOICES": {
        "precision": 0.7619047619047619,
        "recall": 0.1415929203539823,
        "f1-score": 0.23880597014925373,
        "support": 113.0
      },
      "MEDIA": {
        "precision": 0.6139240506329114,
        "recall": 0.3299319727891156,
        "f1-score": 0.42920353982300885,
        "support": 294.0
      },
      "MONEY": {
        "precision": 0.5844155844155844,
        "recall": 0.2556818181818182,
        "f1-score": 0.3557312252964427,
        "support": 176.0
      },
      "PARENTING": {
        "precision": 0.5183639398998331,
        "recall": 0.7064846416382252,
        "f1-score": 0.5979778526721232,
        "support": 879.0
      },
      "PARENTS": {
        "precision": 0.4578313253012048,
        "recall": 0.1919191919191919,
        "f1-score": 0.2704626334519573,
        "support": 396.0
      },
      "POLITICS": {
        "precision": 0.6450490998363339,
        "recall": 0.8856741573033707,
        "f1-score": 0.7464488636363636,
        "support": 3560.0
      },
      "QUEER VOICES": {
        "precision": 0.7664092664092664,
        "recall": 0.6251968503937008,
        "f1-score": 0.6886383347788378,
        "support": 635.0
      },
      "RELIGION": {
        "precision": 0.6516129032258065,
        "recall": 0.39147286821705424,
        "f1-score": 0.4891041162227603,
        "support": 258.0
      },
      "SCIENCE": {
        "precision": 0.751937984496124,
        "recall": 0.43891402714932126,
        "f1-score": 0.5542857142857143,
        "support": 221.0
      },
      "SPORTS": {
        "precision": 0.720682302771855,
        "recall": 0.6653543307086615,
        "f1-score": 0.691914022517912,
        "support": 508.0
      },
      "STYLE": {
        "precision": 0.746031746031746,
        "recall": 0.2088888888888889,
        "f1-score": 0.3263888888888889,
        "support": 225.0
      },
      "STYLE & BEAUTY": {
        "precision": 0.7619493908153702,
        "recall": 0.8287461773700305,
        "f1-score": 0.7939453125,
        "support": 981.0
      },
      "TASTE": {
        "precision": 0.5714285714285714,
        "recall": 0.13333333333333333,
        "f1-score": 0.21621621621621623,
        "support": 210.0
      },
      "TECH": {
        "precision": 0.5251798561151079,
        "recall": 0.3476190476190476,
        "f1-score": 0.4183381088825215,
        "support": 210.0
      },
      "THE WORLDPOST": {
        "precision": 0.5448275862068965,
        "recall": 0.4305177111716621,
        "f1-score": 0.4809741248097412,
        "support": 367.0
      },
      "TRAVEL": {
        "precision": 0.6497584541062802,
        "recall": 0.8151515151515152,
        "f1-score": 0.7231182795698925,
        "support": 990.0
      },
      "U.S. NEWS": {
        "precision": 0.4117647058823529,
        "recall": 0.050724637681159424,
        "f1-score": 0.09032258064516129,
        "support": 138.0
      },
      "WEDDINGS": {
        "precision": 0.81875,
        "recall": 0.7178082191780822,
        "f1-score": 0.7649635036496351,
        "support": 365.0
      },
      "WEIRD NEWS": {
        "precision": 0.422360248447205,
        "recall": 0.2446043165467626,
        "f1-score": 0.3097949886104784,
        "support": 278.0
      },
      "WELLNESS": {
        "precision": 0.5172176308539945,
        "recall": 0.8367688022284122,
        "f1-score": 0.6392849542455842,
        "support": 1795.0
      },
      "WOMEN": {
        "precision": 0.4752851711026616,
        "recall": 0.35014005602240894,
        "f1-score": 0.4032258064516129,
        "support": 357.0
      },
      "WORLD NEWS": {
        "precision": 0.5368421052631579,
        "recall": 0.3090909090909091,
        "f1-score": 0.3923076923076923,
        "support": 330.0
      },
      "WORLDPOST": {
        "precision": 0.48717948717948717,
        "recall": 0.22093023255813954,
        "f1-score": 0.304,
        "support": 258.0
      },
      "accuracy": 0.6026344676180022,
      "macro avg": {
        "precision": 0.5794842224063836,
        "recall": 0.39822344945104743,
        "f1-score": 0.44057843337994435,
        "support": 20953.0
      },
      "weighted avg": {
        "precision": 0.5970127496054158,
        "recall": 0.6026344676180022,
        "f1-score": 0.572343924586572,
        "support": 20953.0
      }
    }
  },