{
  "model": "tfidf_logistic_regression_baseline",
  "train_size": 167616,
  "val_size": 20953,
  "test_size": 20953,
  "training_duration_sec": 151.6673,
  "params": {
    "max_features": 10000,
    "min_df": 3,
    "max_df": 0.95,
    "max_iter": 300,
    "random_state": 42,
    "sample_size": null
  },
  "validation": {
    "accuracy": 0.586884932945163,
    "f1_macro": 0.43330152018440093,
    "report": {
      "ARTS": {
        "precision": 0.38028169014084506,
        "recall": 0.17880794701986755,
        "f1-score": 0.24324324324324326,
        "support": 151.0
      },
      "ARTS & CULTURE": {
        "precision": 0.42857142857142855,
        "recall": 0.11194029850746269,
        "f1-score": 0.17751479289940827,
        "support": 134.0
      },
      "BLACK VOICES": {
        "precision": 0.5457875457875457,
        "recall": 0.32532751091703055,
        "f1-score": 0.4076607387140903,
        "support": 458.0
      },
      "BUSINESS": {
        "precision": 0.46095238095238095,
        "recall": 0.4040066777963272,
        "f1-score": 0.4306049822064057,
        "support": 599.0
      },
      "COLLEGE": {
        "precision": 0.4861111111111111,
        "recall": 0.30701754385964913,
        "f1-score": 0.3763440860215054,
        "support": 114.0
      },
      "COMEDY": {
        "precision": 0.5702479338842975,
        "recall": 0.38333333333333336,
        "f1-score": 0.4584717607973422,
        "support": 540.0
      },
      "CRIME": {
        "precision": 0.5176151761517616,
        "recall": 0.5365168539325843,
        "f1-score": 0.526896551724138,
        "support": 356.0
      },
      "CULTURE & ARTS": {
        "precision": 0.6829268292682927,
        "recall": 0.2616822429906542,
        "f1-score": 0.3783783783783784,
        "support": 107.0
      },
      "DIVORCE": {
        "precision": 0.8488372093023255,
        "recall": 0.6384839650145773,
        "f1-score": 0.7287853577371048,
        "support": 343.0
      },
      "EDUCATION": {
        "precision": 0.4888888888888889,
        "recall": 0.21782178217821782,
        "f1-score": 0.3013698630136986,
        "support": 101.0
      },
      "ENTERTAINMENT": {
        "precision": 0.5390070921985816,
        "recall": 0.7442396313364056,
        "f1-score": 0.6252117106218243,
        "support": 1736.0
      },
      "ENVIRONMENT": {
        "precision": 0.5897435897435898,
        "recall": 0.1597222222222222,
        "f1-score": 0.25136612021857924,
        "support": 144.0
      },
      "FIFTY": {
        "precision": 0.2962962962962963,
        "recall": 0.05714285714285714,
        "f1-score": 0.09580838323353294,
        "support": 140.0
      },
      "FOOD & DRINK": {
        "precision": 0.611878453038674,
        "recall": 0.6987381703470031,
        "f1-score": 0.6524300441826215,
        "support": 634.0
      },
      "GOOD NEWS": {
        "precision": 0.47619047619047616,
        "recall": 0.14285714285714285,
        "f1-score": 0.21978021978021978,
        "support": 140.0
      },
      "GREEN": {
        "precision": 0.3177083333333333,
        "recall": 0.23282442748091603,
        "f1-score": 0.2687224669603524,
        "support": 262.0
      },
      "HEALTHY LIVING": {
        "precision": 0.41647597254004576,
        "recall": 0.27204783258594917,
        "f1-score": 0.3291139240506329,
        "support": 669.0
      },
      "HOME & LIVING": {
        "precision": 0.7194805194805195,
        "recall": 0.6412037037037037,
        "f1-score": 0.6780905752753978,
        "support": 432.0
      },
      "IMPACT": {
        "precision": 0.42857142857142855,
        "recall": 0.24068767908309455,
        "f1-score": 0.30825688073394497,
        "support": 349.0
      },
      "LATINO VOICES": {
        "precision": 0.6666666666666666,
        "recall": 0.12389380530973451,
        "f1-score": 0.208955223880597,
        "support": 113.0
      },
      "MEDIA": {
        "precision": 0.6198830409356725,
        "recall": 0.36054421768707484,
        "f1-score": 0.4559139784946237,
        "support": 294.0
      },
      "MONEY": {
        "precision": 0.5531914893617021,
        "recall": 0.29545454545454547,
        "f1-score": 0.3851851851851852,
        "support": 176.0
      },
      "PARENTING": {
        "precision": 0.5138169257340242,
        "recall": 0.676905574516496,
        "f1-score": 0.584192439862543,
        "support": 879.0
      },
      "PARENTS": {
        "precision": 0.4371859296482412,
        "recall": 0.2196969696969697,
        "f1-score": 0.292436974789916,
        "support": 396.0
      },
      "POLITICS": {
        "precision": 0.648397976391231,
        "recall": 0.8640449438202247,
        "f1-score": 0.7408477842003853,
        "support": 3560.0
      },
      "QUEER VOICES": {
        "precision": 0.7378277153558053,
        "recall": 0.6204724409448819,
        "f1-score": 0.6740804106073567,
        "support": 635.0
      },
      "RELIGION": {
        "precision": 0.5963855421686747,
        "recall": 0.38372093023255816,
        "f1-score": 0.4669811320754717,
        "support": 258.0
      },
      "SCIENCE": {
        "precision": 0.6538461538461539,
        "recall": 0.38461538461538464,
        "f1-score": 0.4843304843304843,
        "support": 221.0
      },
      "SPORTS": {
        "precision": 0.6853448275862069,
        "recall": 0.6259842519685039,
        "f1-score": 0.654320987654321,
        "support": 508.0
      },
      "STYLE": {
        "precision": 0.6506024096385542,
        "recall": 0.24,
        "f1-score": 0.35064935064935066,
        "support": 225.0
      },
      "STYLE & BEAUTY": {
        "precision": 0.7528625954198473,
        "recall": 0.8042813455657493,
        "f1-score": 0.7777230162641695,
        "support": 981.0
      },
      "TASTE": {
        "precision": 0.48214285714285715,
        "recall": 0.12857142857142856,
        "f1-score": 0.20300751879699247,
        "support": 210.0
      },
      "TECH": {
        "precision": 0.5159235668789809,
        "recall": 0.38571428571428573,
        "f1-score": 0.44141689373297005,
        "support": 210.0
      },
      "THE WORLDPOST": {
        "precision": 0.5421245421245421,
        "recall": 0.4032697547683924,
        "f1-score": 0.4625,
        "support": 367.0
      },
      "TRAVEL": {
        "precision": 0.6357615894039735,
        "recall": 0.7757575757575758,
        "f1-score": 0.6988171064604186,
        "support": 990.0
      },
      "U.S. NEWS": {
        "precision": 0.4074074074074074,
        "recall": 0.07971014492753623,
        "f1-score": 0.13333333333333333,
        "support": 138.0
      },
      "WEDDINGS": {
        "precision": 0.7975077881619937,
        "recall": 0.7013698630136986,
        "f1-score": 0.7463556851311953,
        "support": 365.0
      },
      "WEIRD NEWS": {
        "precision": 0.3765432098765432,
        "recall": 0.21942446043165467,
        "f1-score": 0.2772727272727273,
        "support": 278.0
      },
      "WELLNESS": {
        "precision": 0.5200141693234148,
        "recall": 0.8178272980501393,
        "f1-score": 0.6357730619315721,
        "support": 1795.0
      },
      "WOMEN": {
        "precision": 0.4296028880866426,
        "recall": 0.3333333333333333,
        "f1-score": 0.3753943217665615,
        "support": 357.0
      },
      "WORLD NEWS": {
        "precision": 0.49047619047619045,
        "recall": 0.31212121212121213,
        "f1-score": 0.3814814814814815,
        "support": 330.0
      },
      "WORLDPOST": {
        "precision": 0.4485294117647059,
        "recall": 0.2364341085271318,
        "f1-score": 0.3096446700507614,
        "support": 258.0
      },
      "accuracy": 0.586884932945163,
      "macro avg": {
        "precision": 0.546848029734568,
        "recall": 0.39398927850803594,
        "f1-score": 0.43330152018440093,
        "support": 20953.0
      },
      "weighted avg": {
        "precision": 0.576692558872011,